Tool,Model,Safety,Liveness,DRF,Total,Time,Time/Tests
Sabre,PTX6.0,106,73,0,179,8.682,0.048502793296089385
Alloy,PTX6.0,0,0,0,0,0,0
Sabre,PTX7.5,235,73,0,308,12.577,0.040834415584415584
Alloy,PTX7.5,160,0,0,160,69.19333100318909,0.4324583187699318
Sabre,VMM,103,73,100,276,19.322000000000003,0.0700072463768116
Alloy,VMM,97,0,81,178,69.71446299552917,0.39165428649173695