Tool,benchmarks,TPT
\sabre,75,4657.333333333333
\gpuverify,217,1152.4510372618927
